id,position,siteratio,normsiteratio
A0AVK6,413,3.5548,5.3375
A0AVK6,416,1.1185,1.0955
A0AVK6,68,0.70891,0.85853
A0AVK6,71,0.55693,0.69403
A0A499FIX8,679,0.71546,1.1359
A0A499FIX8,685,0.63802,1.182
A0A499FIX8,623,0.1661,0.37949
A0A499FIX8,661,0.66381,1.2161
A0A499FIX8,662,0.77595,1.2333
A0A499FIX8,663,0.89646,1.1936
A0A499FIX8,667,0.41362,0.5652
J3KR33,226,0.5175,1.1402
A0A0C4DGH6,68,0.34766,0.69153
A0A0C4DGH6,585,0.91043,1.173
A0MZ66,494,0.96972,1.2266
A0MZ66,249,0.55296,1.0283
A0A5F9ZH52,450,0.68962,1.0599
A0A2R8YF49,184,0.38441,0.5656
A0A0G2JNU3,2227,1.0673,1.0207
A6ND36,4,0.6687,0.93875
A6ND36,760,0.16562,0.18603
A6ND36,634,0.44793,0.72622
A6ND36,610,0.61417,1.2152
A6ND36,650,1.2462,2.1266
A6ND36,127,0.60229,0.79758
A6NEL2,271,0.57909,0.79389
A6NEL2,106,0.77381,0.79069
A6NF01,281,0.32748,0.53402
Q96HA1,435,1.2957,1.7904
A0A0A0MSG0,383,1.6642,1.8639
A0A0A0MSG0,149,0.24688,0.36762
E9PPY3,62,0.86215,1.0808
E9PPY3,64,0.86215,1.0808
O43166,1433,0.44071,0.72198
O43166,1149,0.38735,0.46543
O43166,1151,0.2177,0.39594
O43166,1270,0.59898,0.71258
O43166,1127,0.51929,0.82036
O43166,1647,0.91349,1.2692
O43166,1365,0.37848,0.7352
O43166,1255,0.20474,0.30903
D6RFH4,77,0.31909,0.47647
D6RFH4,37,0.84447,1.2513
O43172,483,0.35291,0.46143
A0A0G2JIJ9,136,0.25831,0.37486
J3QRT6,226,0.8155,1.5963
O43237,194,0.48475,0.73725
O43237,446,0.12447,0.25623
O43290,448,0.46262,1.065
O43295,858,1.1942,1.5984
O43303,366,0.57046,0.67319
O43303,370,0.51216,0.66678
O43303,372,0.51609,0.68165
O43303,551,0.59045,0.78968
O43303,400,1.1717,1.5579
O43306,54,0.28472,0.47217
O43306,576,0.68275,1.1431
O43310,299,0.53827,0.77247
E5RJX3,38,0.29217,0.58798
E5RJX3,40,0.29217,0.58798
O43318,417,0.63001,1.1464
O43318,389,0.82068,1.3515
O43318,439,0.73499,1.2435
O43347,191,0.43906,0.59624
O43347,15,1.3428,1.2667
O43353,178,0.72271,0.76394
O43353,527,0.72046,0.75916
O43353,363,0.57702,0.67368
O43353,531,1.0078,1.4469
O43379,1144,0.43541,0.75746
O43379,1123,0.40766,0.77549
,,,
,,,
,,,
,,,
